{"cameraMode":{"drawMode":0,"name":"Shaded","section":"Shading Mode"},"sceneLighting":true,"audioPlay":false,"sceneViewState":{"m_AlwaysRefresh":false,"showFog":true,"showSkybox":true,"showFlares":true,"showImageEffects":true,"showParticleSystems":true,"showVisualEffectGraphs":true,"m_FxEnabled":true},"in2DMode":false,"pivot":{"x":-0.4869268536567688,"y":4.773499011993408,"z":31.358154296875},"rotation":{"x":0.14485974609851838,"y":0.041544146835803989,"z":-0.006087050773203373,"w":0.9885633587837219},"size":14.588823318481446,"orthographic":false}