{"cameraMode":{"drawMode":0,"name":"Shaded","section":"Shading Mode"},"sceneLighting":true,"audioPlay":false,"sceneViewState":{"m_AlwaysRefresh":false,"showFog":true,"showSkybox":true,"showFlares":true,"showImageEffects":true,"showParticleSystems":true,"showVisualEffectGraphs":true,"m_FxEnabled":true},"in2DMode":false,"pivot":{"x":19.481590270996095,"y":2.071016788482666,"z":27.403108596801759},"rotation":{"x":-0.09304733574390412,"y":-0.47795724868774416,"z":0.05101233720779419,"w":-0.8719938397407532},"size":27.43935203552246,"orthographic":false}