{"cameraMode":{"drawMode":0,"name":"Shaded","section":"Shading Mode"},"sceneLighting":true,"audioPlay":false,"sceneViewState":{"m_AlwaysRefresh":false,"showFog":true,"showSkybox":true,"showFlares":true,"showImageEffects":true,"showParticleSystems":true,"showVisualEffectGraphs":true,"m_FxEnabled":true},"in2DMode":false,"pivot":{"x":504.02752685546877,"y":228.86985778808595,"z":647.8720092773438},"rotation":{"x":-0.052126482129096988,"y":-0.07821641862392426,"z":0.004089320544153452,"w":-0.9955894351005554},"size":586.1566162109375,"orthographic":false}