{"cameraMode":{"drawMode":0,"name":"Shaded","section":"Shading Mode"},"sceneLighting":false,"audioPlay":false,"sceneViewState":{"m_AlwaysRefresh":false,"showFog":true,"showSkybox":false,"showFlares":true,"showImageEffects":true,"showParticleSystems":true,"showVisualEffectGraphs":true,"m_FxEnabled":true},"in2DMode":false,"pivot":{"x":-4.842187881469727,"y":1.1154357194900513,"z":0.014547348022460938},"rotation":{"x":-0.12169075757265091,"y":0.2950981557369232,"z":-0.03792103752493858,"w":-0.9469324946403503},"size":4.989539623260498,"orthographic":false}